first_name,last_name,phone
Gilli,Gallop,877-316-4018
Westbrooke,Worters,628-974-6301
Edy,Been,179-988-7318
Taffy,Spick,942-782-3187
Minni,Kynoch,437-494-9070
Simon,Airey,217-497-0615
Kristian,Schiell,651-952-4796
Ricky,Koche,208-569-2304
Nevins,MacCurley,126-183-0010
Di,Labbe,651-930-6788
Thor,Bottle,356-203-1653
Cynde,Strodder,771-365-0151
Bidget,Mallows,569-756-8813
Torrey,O'Flynn,417-992-8182
Loutitia,Grayling,695-805-4310
Clayborne,Arnholz,921-527-4850
Charyl,Conochie,617-885-1110
Tamara,Frostdicke,475-352-0226
Adelice,Cruikshank,765-335-1540
Vitia,Spatoni,399-122-9322
Harold,Sanger,877-773-4022
Nevsa,Bowshire,876-697-0344
Lanie,Jeannon,160-636-7094
Adair,Bachanski,902-606-4785
Kym,Anthill,322-356-2804
Helenelizabeth,Pridding,881-366-9919
Stacey,Sherrocks,611-896-1909
Kalila,Arundale,741-190-6835
Travus,Lynas,603-846-8556
Maribel,Byk,421-978-7863
Lisle,Taaffe,703-393-4872
Thorvald,Commander,977-524-0052
Rahal,Worthing,586-931-5924
Allan,Toe,436-309-6094
Niko,Tremoulet,101-265-8570
Guendolen,Blaise,773-240-4475
Fayina,Beagin,771-595-1794
Sophia,Albarez,467-190-9373
Jens,Kingsnorth,341-291-2965
Nancey,Sillars,313-337-5859
Iggie,Lindhe,556-512-1602
Martino,Blakeston,269-891-7673
Paulo,Leith-Harvey,635-682-8266
Zilvia,Joesbury,675-720-3165
Gill,Bucksey,621-887-5156
Winni,Kester,539-602-2953
Evangelin,Tellesson,359-572-6564
Farly,Tremblet,544-830-8512
Erhard,Woolliams,544-148-2500
Rowan,Gregor,700-938-5420
Joyan,Hallihane,626-637-4175
Katerina,Karlolczak,488-535-9290
Tabina,Deniset,315-352-1152
Hailee,Pateman,239-498-9593
Margaux,Bassingden,352-961-4783
Ayn,Cornier,169-651-3667
Felicle,Osbiston,259-221-9833
Sawyere,Darton,845-544-9022
Sheila-kathryn,Legier,284-370-5890
Flor,Trayte,657-206-6731
Anthiathia,Brittian,381-546-8204
Annecorinne,Lehmann,987-741-3266
Perceval,Asken,440-886-3283
Archambault,Shepton,563-418-5767
Zahara,Bohlsen,708-636-7536
Rois,O'Codihie,240-181-5997
Koressa,Romero,118-599-0678
Elisabeth,Eldershaw,280-783-4348
Keri,Mathelon,160-668-7833
Lenard,Craigmyle,647-974-2498
Dulcia,Letford,390-257-4922
Jennee,Ramsden,567-286-3945
Gianna,Ojeda,268-584-2094
Hilary,Tildesley,908-790-0785
Nichole,Shambrooke,467-265-3966
Ruthie,Tantum,672-392-2410
Adelheid,Rolse,975-731-9408
Charyl,Lowson,301-374-2100
Euell,Barbier,481-235-3166
Miguelita,Tapp,299-698-0643
Howard,Powter,935-187-3284
Allys,Glenton,854-133-3077
Penny,Faiers,363-841-4368
Ricca,Nazaret,277-243-7744
Ophelie,Jacobi,360-860-1854
Ginnie,Alton,662-208-1059
Katey,Minster,311-592-3551
Brittany,Pretsell,378-632-9868
Quintina,Kynnd,383-558-3428
Abbi,Rhoddie,776-878-2608
Di,Comfort,564-801-7997
Aeriel,Cuningham,931-453-2356
Corene,Westmacott,585-471-4546
Mirabelle,Hillhouse,253-320-4833
Nanni,Royce,717-112-0268
Ramon,Ferre,424-602-9397
Bria,McElwee,310-168-7098
Hugibert,Rawsthorne,631-319-2444
Brett,Drayn,214-309-2378
Lucias,Taunton,353-838-0442